use esports;

Insert Into League(Name, Country)
  Values("Winners Utd.", "Pakistan"),
  ("Losers Dvd.", "United States of America"),
  ("Regionals", "Canada"),
  ("L\'Internationale", "Zimbabwe"),
  ("EPEMAL2 League", "Mongolia");

Insert Into Team(League_ID)
  Values(1),
  (2), (3), (4), (5), (1),
  (2), (3), (4), (5), (1),
  (2), (3), (4), (5), (1),
  (2), (3), (4), (5);

Insert Into Game(ID, Title, Genre)
Values(0, 'Fortnite', 'Battle Royale'),
(1, 'Halo: Infinite', 'First Person Shooter'),
(2, 'League of Legends', 'MOBA'),
(3, 'Deadlock', 'MOBA'),
(4, 'Garfield Kart', 'Racing'),
(5, 'Super Smash Bros Ultimate', 'Fighting'),
(6, 'Tekken 8', 'Fighting'),
(7, 'Call of Duty Black Ops 6', 'First Person Shooter'),
(8, 'CS:GO 2', 'First Person Shooter'),
(9, 'Marvel Rivals', 'Third Person Shooter'),
(10, 'Elden Ring: Nightreign', 'Action');

Insert Into Sponsor(ID, Name)
Values(0, 'Weyland-Yutani'),
(1, 'Vaultec'),
(2, 'Raytheon'),
(3, 'Lumon'),
(4, 'Buy n\' Large'),
(5, 'Blackrock'),
(6, 'Soylent Green'),
(7, 'United Healthcare'),
(8, 'Nestle'),
(9, 'Lockheed Martin'),
(10, 'The Great British Bakeoff'),
(11, 'Texas Instruments');

Insert Into Tournament(ID, Date, Sponsor_ID)
Values(0, '2020-12-15', 5),
(1, '2021-12-15', 7),
(2, '2025-12-15', 9),
(3, '2021-12-15', 2),
(4, '2022-12-15', 11),
(5, '2023-12-15', 6),
(6, '2025-12-15', 3),
(7, '2022-12-15', 10),
(8, '2024-12-15', 4),
(9, '2026-12-15', 1),
(10, '2023-12-15', 8),
(11, '2021-12-15', 0),
(12, '2020-12-15', 7),
(13, '2025-12-15', 10),
(14, '2020-12-15', 4),
(15, '2025-12-15', 2),
(16, '2022-12-15', 9);

Insert Into Competition(ID, Start_Time, End_Time, Game_ID, Tournament_ID)
Values(0, '10:15', '12:45', 7, 0),
(1, '11:15', '13:45', 0, 0),
(2, '12:15', '14:45', 1, 0),
(3, '13:15', '15:45', 8, 0),
(4, '14:15', '16:45', 0, 0),
(5, '15:15', '17:45', 0, 0),
(6, '16:15', '18:45', 8, 0),
(7, '17:15', '19:45', 4, 1),
(8, '18:15', '20:45', 6, 1),
(9, '19:15', '21:45', 4, 1),
(10, '20:15', '22:45', 0, 1),
(11, '21:15', '23:45', 0, 1),
(12, '10:00', '12:45', 4, 1),
(13, '10:30', '12:45', 2, 2),
(14, '11:00', '12:45', 2, 2),
(15, '11:30', '12:45', 2, 2),
(16, '11:00', '12:45', 3, 2),
(17, '12:00', '12:45', 0, 0),
(18, '12:45', '12:45', 0, 1),
(19, '14:35', '12:45', 2, 2),
(20, '15:47', '12:45', 0, 3),
(21, '19:45', '20:25', 1, 0),
(22, '13:12', '14:01', 6, 0);

INSERT INTO score (ID, Competition_ID) VALUES
(1, 0),
(2, 0),
(3, 0),
(4, 0),
(5, 0),
(6, 0),
(7, 1),
(8, 1),
(9, 1),
(10, 1),
(11, 1),
(12, 1),
(13, 2),
(14, 2),
(15, 2),
(16, 2),
(17, 2),
(18, 2),
(19, 3),
(20, 3),
(21, 3),
(22, 3),
(23, 3),
(24, 3),
(25, 4),
(26, 4),
(27, 4),
(28, 4),
(29, 4),
(30, 4),
(31, 5),
(32, 5),
(33, 5),
(34, 5),
(35, 5),
(36, 5),
(37, 6),
(38, 6),
(39, 6),
(40, 6),
(41, 6),
(42, 6),
(43, 7),
(44, 7),
(45, 7),
(46, 7),
(47, 7),
(48, 7),
(49, 8),
(50, 8),
(51, 8),
(52, 8),
(53, 8),
(54, 8),
(55, 9),
(56, 9),
(57, 9),
(58, 9),
(59, 9),
(60, 9),
(61, 10),
(62, 10),
(63, 10),
(64, 10),
(65, 10),
(66, 10),
(67, 11),
(68, 11),
(69, 11),
(70, 11),
(71, 11),
(72, 11),
(73, 12),
(74, 12),
(75, 12),
(76, 12),
(77, 12),
(78, 12),
(79, 13),
(80, 13),
(81, 13),
(82, 13),
(83, 13),
(84, 13),
(85, 14),
(86, 14),
(87, 14),
(88, 14),
(89, 14),
(90, 14),
(91, 15),
(92, 15),
(93, 15),
(94, 15),
(95, 15),
(96, 15),
(97, 16),
(98, 16),
(99, 16),
(100, 16),
(101, 16),
(102, 16),
(103, 17),
(104, 17),
(105, 17),
(106, 17),
(107, 17),
(108, 17),
(109, 18),
(110, 18),
(111, 18),
(112, 18),
(113, 18),
(114, 18),
(115, 19),
(116, 19),
(117, 19),
(118, 19),
(119, 19),
(120, 19),
(121, 20),
(122, 20),
(123, 20),
(124, 20),
(125, 20),
(126, 20),
(127, 21),
(128, 21),
(129, 21),
(130, 21),
(131, 21),
(132, 21),
(133, 22),
(134, 22),
(135, 22),
(136, 22),
(137, 22),
(138, 22);

INSERT INTO Player (Player_Name, Age, Gender, Address, Team_ID)
VALUES
("Michele Macdonald",33,"N","4482 Amanda Loop, Figueroaview, NV 49234",1),
("Ashley Taylor",23,"N","6972 Gomez Mountains, Robinsonfort, NY 42213",8),
("Trevor Mullen",30,"N","709 Anthony Mountains, Onealtown, NC 09211",13),
("Gloria Miller",39,"M","USCGC Smith, FPO AE 15725",2),
("Christine Key",37,"F","329 Lee Mews Suite 562, Robertchester, NV 93408",10),
("Dylan Stewart",19,"M","5667 Blair Underpass, South Shelby, VT 07027",16),
("Rebecca Johnson",25,"M","0239 Salazar Squares, Kelseystad, NH 07571",19),
("Crystal Black",18,"M","USCGC Carpenter, FPO AA 33891",15),
("Janet Lewis",17,"M","25040 Bryce Meadow, New Randy, IN 59968",2),
("James Franklin",28,"M","5875 Johnson Cape, West Christopher, NC 45818",1),
("Jacob Harris",41,"M","8647 Wiggins Garden Apt. 481, South Tylermouth, MT 65195",8),
("Steven Wilson",39,"M","63791 Hansen Village, Williamsburgh, NM 29343",6),
("David Pitts",18,"M","USNV Vang, FPO AE 73515",11),
("April Ward",39,"F","425 Martinez Forks, East Jennifer, OR 10985",13),
("Crystal Gomez",21,"M","426 Young View Suite 405, Port Teresa, UT 33193",10),
("Jared Vaughn",41,"M","03104 Warren Locks, Port James, WI 07754",18),
("Robert Carroll",42,"F","50276 Cook Skyway, Lake Jordanbury, KY 81885",16),
("Patricia James",38,"F","54070 Fisher Gateway Apt. 525, East Katie, ID 22630",19),
("Sandra Ramos",19,"F","Unit 1686 Box 2047, DPO AP 42392",14),
("Paula White",45,"M","36901 Jared Bridge, Brendaborough, SC 68514",7),
("Douglas Morris",31,"F","7323 Patrick Tunnel, South Veronica, KY 87012",14),
("Ronald Aguilar",18,"F","5953 Miranda Divide, East Anthony, TN 54744",3),
("Renee Chandler",38,"F","845 Kevin Parkways, Mariahfurt, MI 22789",7),
("Douglas Payne",38,"M","PSC 0217, Box 3264, APO AP 36556",4),
("Angela Obrien",25,"F","79722 Steven Vista Suite 545, East Andrew, OR 69443",9),
("David Warner",41,"F","PSC 8681, Box 7754, APO AP 70521",6),
("Seth Taylor",36,"F","3706 Heather Prairie, Jeremyfort, UT 91286",9),
("Dustin Ferguson",23,"M","5145 Carroll Coves Suite 593, Moniquemouth, IN 89149",20),
("Lauren Caldwell",21,"M","72004 Emily Passage, South Craigport, VT 90474",3),
("Julie Wiggins",24,"M","6290 Thomas Mill, Aprilbury, MA 93053",20),
("Erin Rhodes",43,"F","62197 Timothy Radial, East Patrickside, IL 08623",15),
("Heidi Mckee",29,"M","3741 Adam Crescent, New Nicole, IA 99776",12),
("Wesley Shaw",44,"M","7430 Armstrong Fort Suite 460, Elizabethborough, ID 72780",12),
("Shawn Hernandez",22,"M","7604 Hill Plains, East Haroldview, MA 25751",4),
("Sabrina Drake",27,"F","7116 Christopher Village Apt. 857, Williamview, MO 39232",5),
("Michael Schmidt",40,"M","21937 Robert Shoal, Johnbury, NH 38955",11),
("Christopher Gonzalez",34,"F","69774 Anthony Greens Apt. 376, North Brittany, LA 30641",5),
("Bryan Harrison",31,"F","USNS Mitchell, FPO AA 91235",17),
("Victor Gutierrez",16,"M","37233 Jimmy Center, Port Shane, RI 02311",17),
("Emily Butler",43,"F","70618 Brewer Vista, South Johnmouth, MS 75763",18);

INSERT INTO Restriction (Text_Description, Duration)
VALUES
("Permanent Ban", 0),
("Minor", 24),
("Temporary Ban", 1),
("Long Ban", 12);

INSERT INTO Player_Restriction(Player_ID, Start_Date, Expiration, R_Level)
VALUES
(9, "2024-04-01", "2026-04-01", 2),
(39, "2025-04-01", "2027-04-01", 2),
(37, "2023-08-17", "3000-01-01", 1),
(23, "2025-03-23", "2025-04-23", 3),
(11, "2024-06-06", "2025-06-06", 4);

INSERT INTO Infraction (Text_Description, Report_Date, Class, Player_ID)
VALUES
("Unsportsmanlike Conduct", "2025-02-18", 2, 18),
("Modified Equipment", "2024-11-13", 6, 32),
("Fraud", "2023-01-03", 5, 24),
("Physical Violence", "2023-08-17", 10, 37),
("Unsportsmanlike Conduct", "2025-03-23", 6, 23),
("Cheating - Aimbot", "2024-06-06", 8, 11);

INSERT INTO TeamScore (Score_ID, Total_Score, Team_ID) VALUES
(5, 34, 1),
(6, 59, 2),
(11, 81, 3),
(12, 88, 4),
(17, 95, 5),
(18, 15, 6),
(23, 19, 7),
(24, 28, 8),
(29, 21, 9),
(30, 10, 10),
(35, 62, 11),
(36, 69, 12),
(41, 14, 13),
(42, 53, 14),
(47, 99, 15),
(48, 43, 16),
(53, 55, 17),
(54, 78, 18),
(59, 32, 19),
(60, 15, 20),
(65, 64, 1),
(66, 52, 20),
(71, 13, 2),
(72, 53, 19),
(77, 34, 3),
(78, 65, 18),
(83, 43, 4),
(84, 44, 17),
(89, 63, 5),
(90, 34, 16),
(95, 85, 6),
(96, 36, 15),
(101, 16, 7),
(102, 34, 14),
(107, 65, 8),
(108, 23, 13),
(113, 61, 9),
(114, 35, 12),
(119, 88, 11),
(120, 13, 10),
(125, 57, 8),
(126, 35, 3),
(131, 36, 12),
(132, 66, 5),
(137, 50, 16),
(138, 37, 20);

INSERT INTO PlayerScore (Score_ID, Total_Score, Player_ID) VALUES
(1, 84, 1),
(2, 73, 10),
(3, 22, 4),
(4, 56, 9),
(7, 78, 22),
(8, 24, 29),
(9, 34, 24),
(10, 51, 34),
(13, 53, 35),
(14, 64, 37),
(15, 62, 12),
(16, 79, 26),
(19, 38, 20),
(20, 46, 23),
(21, 44, 2),
(22, 23, 11),
(25, 66, 25),
(26, 34, 27),
(27, 19, 5),
(28, 37, 15),
(31, 53, 13),
(32, 38, 36),
(33, 53, 32),
(34, 33, 33),
(37, 81, 3),
(38, 43, 14),
(39, 38, 19),
(40, 67, 21),
(43, 25, 8),
(44, 22, 31),
(45, 38, 6),
(46, 79, 17),
(49, 15, 38),
(50, 53, 39),
(51, 34, 16),
(52, 81, 40),
(55, 88, 7),
(56, 56, 18),
(57, 34, 28),
(58, 15, 30),
(61, 38, 1),
(62, 35, 10),
(63, 13, 28),
(64, 63, 30),
(67, 59, 4),
(68, 74, 9),
(69, 73, 7),
(70, 25, 18),
(73, 16, 22),
(74, 37, 29),
(75, 95, 16),
(76, 91, 40),
(79, 28, 24),
(80, 34, 34),
(81, 38, 38),
(82, 15, 39),
(85, 98, 35),
(86, 46, 37),
(87, 38, 6),
(88, 15, 17),
(91, 81, 12),
(92, 53, 26),
(93, 56, 8),
(94, 34, 31),
(97, 24, 20),
(98, 84, 23),
(99, 53, 19),
(100, 34, 21),
(103, 84, 2),
(104, 63, 11),
(105, 59, 3),
(106, 17, 14),
(109, 34, 25),
(110, 35, 27),
(111, 92, 32),
(112, 37, 33),
(115, 36, 13),
(116, 15, 36),
(117, 24, 5),
(118, 64, 15),
(121, 27, 2),
(122, 56, 11),
(123, 44, 22),
(124, 16, 29),
(127, 63, 32),
(128, 28, 33),
(129, 27, 35),
(130, 35, 37),
(133, 33, 6),
(134, 16, 17),
(135, 48, 28),
(136, 91, 30);

INSERT INTO ScoreLevel (Score_ID, Scr_Level) VALUES
(1, 'Player'),
(2, 'Player'),
(3, 'Player'),
(4, 'Player'),
(5, 'Team'),
(6, 'Team'),
(7, 'Player'),
(8, 'Player'),
(9, 'Player'),
(10, 'Player'),
(11, 'Team'),
(12, 'Team'),
(13, 'Player'),
(14, 'Player'),
(15, 'Player'),
(16, 'Player'),
(17, 'Team'),
(18, 'Team'),
(19, 'Player'),
(20, 'Player'),
(21, 'Player'),
(22, 'Player'),
(23, 'Team'),
(24, 'Team'),
(25, 'Player'),
(26, 'Player'),
(27, 'Player'),
(28, 'Player'),
(29, 'Team'),
(30, 'Team'),
(31, 'Player'),
(32, 'Player'),
(33, 'Player'),
(34, 'Player'),
(35, 'Team'),
(36, 'Team'),
(37, 'Player'),
(38, 'Player'),
(39, 'Player'),
(40, 'Player'),
(41, 'Team'),
(42, 'Team'),
(43, 'Player'),
(44, 'Player'),
(45, 'Player'),
(46, 'Player'),
(47, 'Team'),
(48, 'Team'),
(49, 'Player'),
(50, 'Player'),
(51, 'Player'),
(52, 'Player'),
(53, 'Team'),
(54, 'Team'),
(55, 'Player'),
(56, 'Player'),
(57, 'Player'),
(58, 'Player'),
(59, 'Team'),
(60, 'Team'),
(61, 'Player'),
(62, 'Player'),
(63, 'Player'),
(64, 'Player'),
(65, 'Team'),
(66, 'Team'),
(67, 'Player'),
(68, 'Player'),
(69, 'Player'),
(70, 'Player'),
(71, 'Team'),
(72, 'Team'),
(73, 'Player'),
(74, 'Player'),
(75, 'Player'),
(76, 'Player'),
(77, 'Team'),
(78, 'Team'),
(79, 'Player'),
(80, 'Player'),
(81, 'Player'),
(82, 'Player'),
(83, 'Team'),
(84, 'Team'),
(85, 'Player'),
(86, 'Player'),
(87, 'Player'),
(88, 'Player'),
(89, 'Team'),
(90, 'Team'),
(91, 'Player'),
(92, 'Player'),
(93, 'Player'),
(94, 'Player'),
(95, 'Team'),
(96, 'Team'),
(97, 'Player'),
(98, 'Player'),
(99, 'Player'),
(100, 'Player'),
(101, 'Team'),
(102, 'Team'),
(103, 'Player'),
(104, 'Player'),
(105, 'Player'),
(106, 'Player'),
(107, 'Team'),
(108, 'Team'),
(109, 'Player'),
(110, 'Player'),
(111, 'Player'),
(112, 'Player'),
(113, 'Team'),
(114, 'Team'),
(115, 'Player'),
(116, 'Player'),
(117, 'Player'),
(118, 'Player'),
(119, 'Team'),
(120, 'Team'),
(121, 'Player'),
(122, 'Player'),
(123, 'Player'),
(124, 'Player'),
(125, 'Team'),
(126, 'Team'),
(127, 'Player'),
(128, 'Player'),
(129, 'Player'),
(130, 'Player'),
(131, 'Team'),
(132, 'Team'),
(133, 'Player'),
(134, 'Player'),
(135, 'Player'),
(136, 'Player'),
(137, 'Team'),
(138, 'Team');

INSERT INTO ScoreRank (Score_ID, Score_Rank) VALUES
(1, 'A'),
(2, 'B'),
(3, 'D'),
(4, 'B'),
(5, 'D'),
(6, 'B'),
(7, 'B'),
(8, 'D'),
(9, 'D'),
(10, 'C'),
(11, 'A'),
(12, 'A'),
(13, 'C'),
(14, 'B'),
(15, 'B'),
(16, 'C'),
(17, 'A'),
(18, 'D'),
(19, 'D'),
(20, 'C'),
(21, 'C'),
(22, 'D'),
(23, 'D'),
(24, 'D'),
(25, 'B'),
(26, 'D'),
(27, 'D'),
(28, 'D'),
(29, 'D'),
(30, 'D'),
(31, 'C'),
(32, 'D'),
(33, 'C'),
(34, 'D'),
(35, 'B'),
(36, 'B'),
(37, 'A'),
(38, 'C'),
(39, 'D'),
(40, 'B'),
(41, 'D'),
(42, 'C'),
(43, 'D'),
(44, 'D'),
(45, 'D'),
(46, 'B'),
(47, 'A'),
(48, 'C'),
(49, 'D'),
(50, 'C'),
(51, 'D'),
(52, 'A'),
(53, 'C'),
(54, 'B'),
(55, 'A'),
(56, 'C'),
(57, 'D'),
(58, 'D'),
(59, 'D'),
(60, 'D'),
(61, 'D'),
(62, 'D'),
(63, 'D'),
(64, 'B'),
(65, 'B'),
(66, 'C'),
(67, 'C'),
(68, 'B'),
(69, 'B'),
(70, 'D'),
(71, 'D'),
(72, 'C'),
(73, 'D'),
(74, 'D'),
(75, 'A'),
(76, 'A'),
(77, 'D'),
(78, 'B'),
(79, 'D'),
(80, 'D'),
(81, 'D'),
(82, 'D'),
(83, 'C'),
(84, 'C'),
(85, 'A'),
(86, 'C'),
(87, 'D'),
(88, 'D'),
(89, 'B'),
(90, 'D'),
(91, 'A'),
(92, 'C'),
(93, 'C'),
(94, 'D'),
(95, 'A'),
(96, 'D'),
(97, 'D'),
(98, 'A'),
(99, 'C'),
(100, 'D'),
(101, 'D'),
(102, 'D'),
(103, 'A'),
(104, 'B'),
(105, 'C'),
(106, 'D'),
(107, 'B'),
(108, 'D'),
(109, 'D'),
(110, 'D'),
(111, 'A'),
(112, 'D'),
(113, 'B'),
(114, 'D'),
(115, 'D'),
(116, 'D'),
(117, 'D'),
(118, 'B'),
(119, 'A'),
(120, 'D'),
(121, 'D'),
(122, 'C'),
(123, 'C'),
(124, 'D'),
(125, 'C'),
(126, 'D'),
(127, 'B'),
(128, 'D'),
(129, 'D'),
(130, 'D'),
(131, 'D'),
(132, 'B'),
(133, 'D'),
(134, 'D'),
(135, 'C'),
(136, 'A'),
(137, 'B'),
(138, 'D');
